"Id","Username","Password","Firstname","Lastname","Phone","Email","IsReviewer","IsAdmin"
"1","Ltreebeard2122","AmEni(ies5891","Leo","Treebeard","857-229-1466","ltreebeard20@everymail.org","0","1"
"2","Aleaflock6434","NeX@9948","Amanda","Leaflock","229-053-4868",,"1","1"
"3","Janarion143","s%okeScr#En9520","Jordan","Anarion","364-433-0227",,"1","1"
"4","Tmiriel5735","ChaNn)led1311","Toki","Miriel","513-476-1219",,"1","0"
"5","Lvalinor31","LA$ti#e4961","Larissa","Valinor","508-107-9697","lvalinor18@everymail.org","0","0"
"6","Cbergil58","As#mmetR#4545","Catherine","Bergil",,"cbergil82@hotmail.net","1","1"
"7","Alegolas3981","PoL^te1835","Alexander","Legolas","858-912-3151","alexander.legolas84@gmail.net","0","1"
"8","Dsnaga37","p)^cLaiminG5284","Dennis","Snaga","301-611-5413","dsnaga65@mailbox.org","0","1"
"9","Jpippin778","Purc@AserS3177","Jennifer","Pippin","551-323-2165",,"1","1"
"10","Amaglor167","!mProVis^5574","Andrew","Maglor","334-189-9973","amaglor12@mail2u.com","0","1"
"11","Rmorwen15","blA*DE(6097","Robert","Morwen",,"rmorwen74@everymail.net","1","1"
"12","Vfeanor49","tranSferr*ble6044","Veronica","Feanor","802-292-3334","vfeanor66@somemail.us","1","0"
"13","Mtinuviel1578","pa)All%l3849","Margaret","Tinuviel","941-701-8028","mtinuviel60@gmail.org","0","0"
"14","Pbeechbone37","pIg*yB*cking9045","Philip","Beechbone","724-718-6303","pbeechbone38@bizmail.com","1","0"
"15","Jaule113","erra)I#2834","Justice","Aule","915-418-2506","jaule@mailbox.co.uk","1","1"
"16","Lundomiel117","^*6722","Lilly","Undomiel","570-475-6037","lundomiel73@somemail.us","1","1"
"17","Soakenshield527","Sc!lED1858","Sasha","Oakenshield",,"soakenshield@everymail.us","0","1"
"18","Lbalin482","ab(YanCE8420","Lori","Balin",,"lbalin42@mailbox.com","0","0"
"19","Csamwise666","plOppE^8132","Catherine","Samwise","984-383-3650","csamwise97@gmail.net","0","0"
"20","Naldarion14","*ARK@sT3495","Nadine","Aldarion","319-260-7821","naldarion70@gmail.co.uk","0","1"
"21","Lcaranthir31","coNst%nt*6014","Lucy","Caranthir","724-451-0053","lcaranthir56@bizmail.biz","0","0"
"22","Jgwaihir168","#ol!SH2952","Josie","Gwaihir","217-780-0556","jgwaihir11@hotmail.net","0","0"
"23","Kbeor494","mis$onceptioN2006","Kathy","Beor","727-392-9298","kathy.beor92@mailbox.org","0","1"
"24","Ptelchar468","sNowin!3286","Peter","Telchar","667-514-7481",,"1","1"
"25","Mbard374","DedUc@ion5743","Marishka","Bard","661-403-5683","marishka.bard@hotmail.org","0","0"
"26","Jamrod6958","Absol^$4380","John","Amrod","835-720-1037",,"0","1"
"27","Shamfast8683","#ip#ed7630","Steven","Hamfast",,"shamfast94@mailbox.us","0","0"
"28","Jfili47","cOnF!d)nt9320","Judith","Fili","346-090-1742",,"1","0"
"29","Selmo754","C$edITs7746","Sage","Elmo",,"selmo48@gmail.us","0","0"
"30","Fthorin33","Mic@on6920","Frances","Thorin","702-143-8401","fthorin77@mail2u.com","0","1"
"31","Jelmo8646","Cl^Udy7518","Jenny","Elmo","321-594-1048","jelmo@everymail.biz","1","1"
"32","Kyavanna297","wiP%3870","Kayla","Yavanna","515-740-5380","kyavanna95@yahoo.org","1","1"
"33","Jbaranor429","r!fO!mulAte2384","Jack","Baranor","971-968-2336","jbaranor77@mail2u.net","1","1"
"34","Ramros32","LiBerT^%S6659","Ronald","Amros","218-651-2556","ramros25@gmail.co.uk","1","1"
"35","Cthranduil6228","m$NtE!4070","Chelsea","Thranduil","405-587-5503","chelsea.thranduil@gmail.biz","0","0"
"36","Evalinor68","monGo)#An9877","Erik","Valinor","518-327-7745","evalinor9@mail2u.us","0","1"
"37","Lalcarin654","discO#nection6661","Laura","Alcarin",,"lalcarin@somemail.org","0","0"
"38","Lluthien217","uniMporTan)1376","Leo","Luthien",,"lluthien@yahoo.com","1","0"
"39","Kgaldor6273","M@nTal3099","Kathy","Galdor",,"kgaldor37@everymail.com","1","0"
"40","Jisildur75","%aRiNg1694","Jordan","Isildur","862-472-3348","jordan.isildur37@mailbox.net","0","0"
"41","Abofur918","@F%EnDS8611","Arthur","Bofur","346-222-6769","abofur61@bizmail.biz","0","0"
"42","Lbofur656","und#rcOOked6519","Lauren","Bofur","541-861-0171",,"1","1"
"43","Rberen21","VeRd(ct8436","Roy","Beren","743-924-8217","rberen32@somemail.us","0","1"
"44","Kturin23","$aCAo8583","Katrina","Turin","479-638-3605","kturin77@mailbox.org","1","1"
"45","Egaladriel8195","S^gRe*ation8966","Eileen","Galadriel","918-172-4592",,"0","1"
"46","Kbard1663","de(om#NAted5121","Kathryn","Bard","786-243-7146",,"0","0"
"47","Hdamrod6379","maE^t^O2019","Heidi","Damrod",,"hdamrod@mail2u.com","0","1"
"48","Deowyn444","aSID^6851","Dana","Eowyn","904-871-2133","deowyn@gmail.us","1","0"
"49","Ahurin664",")ppre!iatED2632","Anthony","Hurin","859-803-1980","ahurin92@everymail.net","0","1"
"50","Ccarcharoth577","d*^pISes4245","Cheryl","Carcharoth","231-622-0580","ccarcharoth59@mail2u.biz","0","0"
"51","Wvalaquenta6759","FranKe*sTei)2359","Wayne","Valaquenta","661-545-3420","wayne.valaquenta87@everymail.us","0","1"
"52","Jstrider187","resIdentI)l1476","Jason","Strider","843-495-5001",,"0","0"
"53","Bfelagund182","I$ResPectiVe9639","Bailey","Felagund","216-626-4450","bfelagund37@mail2u.net","1","1"
"54","Aalatariel24","attacHmEnt@9684","Alexandra","Alatariel","464-608-8955","aalatariel95@hotmail.co.uk","1","1"
"55","Odwalin564","D*rK1022","Oliver","Dwalin","319-570-1885",,"0","1"
"56","Kcurufin6441","!I*teenTh2395","Kyle","Curufin","785-089-5665","kcurufin@yahoo.us","1","1"
"57","Rquickbeam796","p*eDictaB#y5498","Rebecca","Quickbeam","316-815-3121","rebecca.quickbeam66@gmail.biz","1","0"
"58","Relros466","%El^6058","Raymond","Elros","564-696-9234","relros36@bizmail.biz","0","0"
"59","Maragorn33","coloR*uL1296","Mark","Aragorn","217-079-4886","maragorn@hotmail.com","1","0"
"60","Ccelebrimbor764","le@eraGinG7219","Christopher","Celebrimbor","425-537-4046","ccelebrimbor37@somemail.com","1","0"
"61","Rcotton5378",")A%Es9491","Rose","Cotton","629-965-7093","rcotton@mailbox.com","1","1"
"62","Esmaug417","mIt@H7104","Eleanor","Smaug",,"esmaug97@mailbox.us","1","0"
"63","Aaule15","upgR@d!ng3421","Alisa","Aule","253-558-5438","aaule47@hotmail.net","1","1"
"64","Delbereth99","SOugH!7496","Dianna","Elbereth",,,"1","1"
"65","Animloth26","QUain*7660","Aileen","Nimloth","612-302-4402","aileen.nimloth25@hotmail.co.uk","0","0"
"66","Jsharku98",")lE(Ty8857","Julia","Sharku","805-403-5879","julia.sharku87@somemail.biz","1","1"
"67","Cyavanna3538","A)pHabeTi)4320","Crystal","Yavanna",,,"0","0"
"68","Jhuor54","t(a(SmitterS5191","Jade","Huor","314-562-5886","jhuor90@hotmail.com","0","1"
"69","Jkhamul9295","Tab(espooNs5564","James","Khamul","225-727-4275",,"0","1"
"70","Ncarcharoth143","c@MPlImEnt6154","Nathan","Carcharoth","972-296-4350","ncarcharoth@hotmail.net","0","0"
"71","Eolorin57","ident*ficatiOn)7401","Ellen","Olorin","507-832-4386","eolorin64@bizmail.net","0","0"
"72","Nleaflock637","%ElIV*r7758","Noah","Leaflock","208-521-9521","nleaflock@mail2u.com","1","1"
"73","Whamfast49","uNhe#^Ful2230","Wendy","Hamfast","516-208-3004","whamfast63@hotmail.biz","1","1"
"74","Lshadowfax1128","MeThodolog#ES4097","Leah","Shadowfax","508-726-5341",,"0","1"
"75","Ehalbarad667","suSt!Ining7525","Ethan","Halbarad","417-228-8675","ethan.halbarad32@mail2u.us","1","1"
"76","Kgamling1518","c^lEBr!ty3541","Kevin","Gamling","310-153-7554","kevin.gamling82@mailbox.org","1","1"
"77","Gaule917","anNoY$5601","Gregory","Aule","904-968-0653","gaule74@gmail.co.uk","1","1"
"78","Ealatar499","%CoutS8773","Elijah","Alatar","215-785-9369",,"0","1"
"79","Gnienor85","f#cultiES5598","Grace","Nienor","864-083-2106","grace.nienor89@mailbox.com","1","1"
"80","Kkili854","varia^#es9903","Kyle","Kili","864-872-1006",,"1","1"
"81","Enimloth94","so*Ub!e9664","Elizabeth","Nimloth","718-504-0632","enimloth50@mail2u.com","1","0"
"82","Anessa854","b*nevolen*e7320","Alyssa","Nessa","901-359-9838","anessa35@gmail.org","0","1"
"83","Lboffin5352","methodicA!7816","Lilly","Boffin","845-899-4848","lboffin@everymail.com","0","1"
"84","Jnazgul4232","ap^(Lo4220","Janet","Nazgul","417-489-1214","jnazgul@yahoo.com","0","1"
"85","Gangmar34","iD^oMs2687","Gary","Angmar","513-277-4346","gangmar53@mail2u.com","0","0"
"86","Jleaflock28","insPirat!on3142","Joan","Leaflock","762-593-2211","jleaflock4@everymail.com","1","0"
"87","Lbofur4853","m!SManagement6846","Linda","Bofur","205-419-5527","lbofur26@somemail.com","1","0"
"88","Hgamgee36","SHR)ll3690","Heidi","Gamgee","732-335-7159","hgamgee64@mail2u.co.uk","1","0"
"89","Iannatar1285","*iStracT7123","Isaiah","Annatar","570-282-8771","iannatar0@mail2u.net","1","0"
"90","Isnaga8471","!oUr(e5936","Isabell","Snaga","689-096-9224","isabell.snaga17@mail2u.org","1","1"
"91","Mnienor4463","^oisoN$d4723","Molly","Nienor","463-504-1945","mnienor19@mailbox.us","0","1"
"92","Chamfast62","V#Tal(Ty1111","Clarissa","Hamfast","303-869-8069","chamfast44@yahoo.net","1","0"
"93","Tthorin66",")aC!uaL4574","Thomas","Thorin","510-619-2416","tthorin54@mail2u.co.uk","0","1"
"94","Jidril9578","@uSe*5629","Jade","Idril","770-795-9261","jidril78@hotmail.co.uk","1","0"
"95","Ipharazon25","!ev!UtLY7524","Isaiah","Pharazon",,"ipharazon@mailbox.biz","0","1"
"96","Sbutterbur323","sK$Le$ons1327","Susan","Butterbur",,"sbutterbur@everymail.biz","0","1"
"97","Enumenor34","St#ic8048","Erik","Numenor","616-732-4572","enumenor@gmail.com","0","0"
"98","Aeomer5625","@%ellA5552","Ann","Eomer",,,"0","0"
"99","Necthelion64","$aLvaG)Ng9416","Norah","Ecthelion","567-181-6515","norah.ecthelion45@bizmail.us","1","1"
"100","Rsilmiril188","caUliflOW!(7058","Ryan","Silmiril",,"ryan.silmiril57@mailbox.net","1","0"
"101","Jbifur61","S$agGeD8997","Joe","Bifur","217-981-4155","jbifur43@everymail.org","0","1"
"102","Lazog993","*issT$temEnt8992","Lilly","Azog",,,"1","0"
"103","Malcarin28","A^r*S1638","Mina","Alcarin","531-056-2978","mina.alcarin@hotmail.biz","0","0"
"104","Tfingon5173","iN@erio*5489","Toki","Fingon","539-597-2282",,"1","0"
"105","Tmithrandir628","!OnghA@d9459","Tyler","Mithrandir",,"tmithrandir61@hotmail.org","1","0"
"106","Jtreebeard761","p%!ped2552","Judy","Treebeard",,"jtreebeard97@gmail.org","1","1"
"107","Dbeechbone13","!!Ashed7436","Doris","Beechbone",,"dbeechbone70@somemail.us","1","0"
"108","Tdeagol35","F#iVoLI$y8263","Tiffany","Deagol",,"tdeagol@somemail.us","1","1"
"109","Acaranthir6656","i!regArdlEss5724","Ann","Caranthir","276-979-4978",,"0","0"
"110","Lthingol285","consUlt*Nt2014","Lucas","Thingol",,"lthingol32@everymail.us","0","1"
"111","Jgrishnakh86","qUArTe@4091","Josie","Grishnakh","864-958-5619",,"1","0"
"112","Aancalagon265","Ea*tH6528","Allison","Ancalagon","464-895-4972","aancalagon13@hotmail.org","0","0"
"113","Agothmog5831","!UmANisTic3942","Andrea","Gothmog","945-820-3326","agothmog49@somemail.net","0","0"
"114","Stook59","pEA^^t7695","Sylvia","Took","743-622-5227","stook78@yahoo.us","0","0"
"115","Ttuor77","d@iVeWay#8169","Theresa","Tuor","561-310-2418","ttuor28@mail2u.co.uk","0","1"
"116","Gnessa182","B%ok$Nds4751","Gerald","Nessa",,"gerald.nessa55@everymail.net","1","0"
"117","Velentari611",")ingUlaRLy9049","Virginia","Elentari","541-162-0001","virginia.elentari45@yahoo.org","1","0"
"118","Cgandalf4147","BEl(ngs3566","Carla","Gandalf","616-154-6004","cgandalf17@everymail.us","0","0"
"119","Eboromir42","s@I#es3628","Evelyn","Boromir","714-733-2760","eboromir@gmail.biz","1","1"
"120","Jbaggins823","AlT(Red4057","Juan","Baggins",,"jbaggins83@mail2u.com","0","1"
"121","Cgloin2576","c*)b6732","Claire","Gloin","845-233-7624","cgloin1@yahoo.biz","1","0"
"122","Cleaflock13","^El@XEs2504","Carla","Leaflock","970-327-8446","cleaflock96@bizmail.com","1","1"
"123","Shamfast996","f(n(asia4382","Sandra","Hamfast","918-114-3098","shamfast0@yahoo.org","0","0"
"124","Leomer2353","n@ndisCrIminaTory3798","Lucas","Eomer","770-563-4136",,"0","0"
"125","Aearendil174","%@lLEst9617","Alan","Earendil","956-247-6481","aearendil41@yahoo.us","0","1"
"126","Efatty69","Pow$r4788","Eleanor","Fatty","850-207-2214","efatty@hotmail.net","0","1"
"127","Cwillow8114","a*oM7601","Catherine","Willow",,"cwillow61@gmail.us","0","1"
"128","Afingon186","mArb$eS2282","Alexander","Fingon","657-156-9683","afingon86@gmail.net","0","0"
"129","Cglaurung48","oVers$Epp@d5798","Crystal","Glaurung",,"cglaurung@gmail.org","0","1"
"130","Csilmiril15","P!TenTial1423","Cindy","Silmiril",,"csilmiril32@everymail.org","1","1"
"131","Mhelm hammerhand7688","SA$5471","Madison","Helm Hammerhand",,"mhelmhammerhand25@somemail.org","1","1"
"132","Cdeagol724","INterPre*3136","Charles","Deagol","770-880-1131","cdeagol83@gmail.us","1","1"
"133","Asauron3571","o!tsIdE2234","Alexander","Sauron","617-719-7546","asauron83@mail2u.org","0","1"
"134","Ahuor92","DeNo#@ce6828","Ashley","Huor","225-624-4536","ashley.huor@somemail.net","0","1"
"135","Ethranduil767","BaCKpac#7923","Emma","Thranduil","945-775-9274","ethranduil@mailbox.us","0","0"
"136","Agloin94","onW!$d3041","Ana","Gloin","314-113-5848",,"0","1"
"137","Aecthelion48","pre^SurinG5680","Abby","Ecthelion","812-661-7128",,"0","1"
"138","Plorien7494","*reakthrOuGhS5835","Patrick","Lorien","843-428-4635","plorien89@mailbox.us","0","0"
"139","Ngildor9911","UnFAI)4496","Nicholas","Gildor",,,"1","1"
"140","Tlurtz855","jU%t8634","Tyler","Lurtz","774-154-1631","tlurtz66@bizmail.us","0","1"
"141","Sdamrod3338","MO(ied6086","Sophie","Damrod","585-175-6164","sdamrod24@mailbox.biz","1","1"
"142","Aoakenshield1456","H$*rdinG1360","April","Oakenshield","475-099-1066","aoakenshield@bizmail.biz","0","1"
"143","Dceleborn53","bRieFI$g8385","Dorothy","Celeborn","213-977-2772",,"0","0"
"144","Afingon9786","#OpUl#ted5140","Amy","Fingon","915-392-8218",,"0","1"
"145","Jgothmog767","#OwERful4665","Jessica","Gothmog",,"jessica.gothmog73@gmail.net","0","0"
"146","Belladan885","OVertI@e5826","Bailey","Elladan",,,"1","0"
"147","Egil-galad9289","n!pol!On4798","Elijah","Gil-Galad","317-352-2495","egil-galad5@yahoo.org","0","0"
"148","Acotton67","s^preMeLy9813","Alexa","Cotton","512-750-1303",,"0","1"
"149","Fthorondor8272","Cy)iC7333","Frances","Thorondor","657-886-4957","fthorondor4@mailbox.com","0","1"
"150","Jdwalin75","W@A%k2015","Jessie","Dwalin","404-496-9926","jdwalin71@mail2u.co.uk","1","0"
"151","Jkementari2936","CHAr@6218","Joyce","Kementari","413-934-8302","jkementari@somemail.biz","0","0"
"152","Rhelm hammerhand694","%icH8094","Robert","Helm Hammerhand","336-819-8638","rhelmhammerhand@gmail.org","1","0"
"153","Rerkenbrand11","!reSsED4142","Ronald","Erkenbrand","773-463-5874","rerkenbrand@everymail.org","0","0"
"154","Leomer358","RA#ELy2443","Leo","Eomer","303-751-1596",,"0","1"
"155","Fbrandybuck11","tRInke!s8031","Felicity","Brandybuck","520-691-2077","fbrandybuck10@gmail.co.uk","1","1"
"156","Talcarin38","@#OoreD9543","Tiffany","Alcarin",,"talcarin@mail2u.us","0","1"
"157","Jelbereth2749","me#gER7710","Jacob","Elbereth",,"jelbereth35@mail2u.net","0","1"
"158","Hnimloth9654","fORgivA%$e5253","Heidi","Nimloth",,"hnimloth82@somemail.com","0","0"
"159","Ashagrat13","R%!ATes6297","Aileen","Shagrat","539-629-3770","aileen.shagrat7@yahoo.com","0","1"
"160","Istormcrow62","Equ%vAlenCy7707","Ivy","Stormcrow","309-614-7826","istormcrow16@bizmail.org","1","1"
"161","Lfatty38","iNtErseC@ing6783","Lawrence","Fatty","680-497-2243","lfatty49@mail2u.us","1","0"
"162","Amanwe7669","r#sE%Lers3021","Audrey","Manwe",,"amanwe16@everymail.org","0","0"
"163","Jhelm hammerhand172","H$ME(3690","Jesse","Helm Hammerhand","448-976-0383","jhelmhammerhand95@gmail.net","0","1"
"164","Tolorin1532","fa!Ing8108","Tara","Olorin",,"tolorin54@everymail.biz","1","1"
"165","Pgildor681","$E%T7628","Patrick","Gildor","605-517-2007",,"0","1"
"166","Meru564","aN)eSt$y8798","Miranda","Eru","218-675-1655",,"0","0"
"167","Enarvi788","ho^Se#1699","Edward","Narvi","718-484-3182","enarvi18@mail2u.com","1","1"
"168","Mfelagund7295","DEfi(s7312","Maria","Felagund","910-444-6201","maria.felagund56@gmail.net","0","1"
"169","Ggorbag647","@usSian@9987","Gabriella","Gorbag","214-123-8829",,"0","1"
"170","Aberegond23","iNte@ratEs2361","Anna","Beregond","432-787-8642","aberegond@bizmail.us","0","1"
"171","Sdori78","sIgNat*riEs1883","Sylvia","Dori","623-461-7449","sdori19@yahoo.biz","0","1"
"172","Jsamwise2245","dA!ElI!e4657","Janet","Samwise","908-157-8531",,"1","0"
"173","Fearendil954",")^R7511","Frances","Earendil","732-429-9271","fearendil95@everymail.biz","0","1"
"174","Rmorwen91","handlER^1122","Raven","Morwen","628-149-0296","rmorwen28@everymail.com","1","1"
"175","Gbolg87","$cOT2047","Grace","Bolg","220-430-3715","gbolg56@yahoo.org","0","0"
"176","Ksilmiril433","SpEcUl#tions7209","Kai","Silmiril","940-096-0691","ksilmiril@bizmail.org","0","1"
"177","Afangorn588","$URmounT4202","Andrew","Fangorn","706-243-1363",,"0","0"
"178","Sshagrat13","D%sLexiC4674","Scott","Shagrat","810-901-7246",,"1","0"
"179","Btheoden6966","suRgic#L4262","Brenda","Theoden","726-865-7049","btheoden@hotmail.org","0","0"
"180","Sbutterbur874","fuLfIlli(G3477","Scarlet","Butterbur","331-089-6542","sbutterbur@everymail.net","0","1"
"181","Lboromir562","DRu!Ken6736","Lori","Boromir","406-217-1673",,"0","0"
"182","Aferny2491","^BLiteRate2416","Anthony","Ferny",,"anthony.ferny@somemail.biz","0","0"
"183","Jgollum29","r$puTeD%y9458","Jennifer","Gollum","831-095-4027","jgollum14@hotmail.com","1","1"
"184","Mulmo44","M!T5724","Marishka","Ulmo","567-220-1939",,"0","1"
"185","Tmorwen3424","so%vIn#2157","Trinity","Morwen","234-978-8495",,"1","1"
"186","Anamo3598","re(!cTiOn8659","Alexa","Namo",,"anamo15@bizmail.org","0","0"
"187","Jsnaga5284","F%L!esT1478","Jenny","Snaga","616-590-1049","jsnaga@gmail.us","1","1"
"188","Asauruman71","(arsHAll4510","Alan","Sauruman","414-509-9812","asauruman@mail2u.com","0","1"
"189","Jbeorn5972","a!arcHY7838","Joshua","Beorn","339-124-5291","jbeorn@somemail.com","0","0"
"190","Pnessa26","M((a9558","Pamela","Nessa","509-613-9077","pnessa@mailbox.co.uk","1","1"
"191","Squickbeam6997","leGislaTi^e2857","Sandra","Quickbeam","832-923-8779","sandra.quickbeam2@mail2u.co.uk","0","1"
"192","Rwormtongue87","f(!L7274","Robert","Wormtongue","754-458-7818","rwormtongue@gmail.us","1","0"
"193","Kalcarin34","piCK!rs4195","Kevin","Alcarin",,"kevin.alcarin98@bizmail.net","1","0"
"194","Ftulkas499","e!raticalLy9317","Frank","Tulkas","717-574-1791","ftulkas28@gmail.net","1","0"
"195","Yingwe937","st)AiT4088","Yvette","Ingwe",,"yingwe5@yahoo.net","1","0"
"196","Jboffin8254","pa(titiOninG8854","James","Boffin","813-470-7971",,"1","0"
"197","Jeowyn445","aBStra!tS3566","Jane","Eowyn","856-394-9090",,"1","0"
"198","Amorwen4785",")OseRs1541","Anna","Morwen","706-018-7479",,"1","1"
"199","Gnimloth3193","^W#ft6005","Gabriel","Nimloth",,"gnimloth28@mailbox.com","1","1"
"200","Mcarcharoth136","J$NO4860","Mina","Carcharoth","320-986-8041","mcarcharoth@mail2u.biz","1","0"
"201","Dhuan57","sc^ndInavIa8404","Douglas","Huan","561-137-4331","douglas.huan80@mailbox.net","1","0"
"202","Eleaflock23","bRot@$rlY1651","Eugene","Leaflock",,"eleaflock88@bizmail.org","0","1"
"203","Mbifur298","U)deRpin%ings1025","Mina","Bifur","909-490-7939","mbifur92@mailbox.biz","0","1"
"204","Vnazgul7627","P@%d7750","Valerie","Nazgul","612-975-6907","vnazgul@everymail.org","0","0"
"205","Tangmar517","sc)ENcES9860","Thomas","Angmar","336-066-4104","thomas.angmar@mailbox.org","0","0"
"206","Lgil-galad32","uPO*2420","Lida","Gil-Galad","856-018-8902",,"0","1"
"207","Joakenshield2662","$o*pIled4913","Jaime","Oakenshield","606-632-5551",,"1","1"
"208","Rbeor9486","p%!wood8335","Roger","Beor","678-753-4873","roger.beor36@gmail.co.uk","1","0"
"209","Kshadowfax6658","%vert!Row5734","Kimberly","Shadowfax",,"kshadowfax66@mail2u.org","1","0"
"210","Jcelebrian9866","tEn)nt5190","Jade","Celebrian","906-034-0477","jade.celebrian8@everymail.org","1","0"
"211","Mfeanor877","gree)InG1533","Marie","Feanor","620-475-4222","marie.feanor12@hotmail.net","1","1"
"212","Osackville193","Disp(rSIO#7618","Ophelia","Sackville","702-965-7210","osackville24@somemail.co.uk","1","0"
"213","Jbombur9548","s@or*HouSE2021","Jane","Bombur","659-794-3715","jbombur@yahoo.biz","1","1"
"214","Earagorn6848","w*ittlin(8859","Elizabeth","Aragorn",,"earagorn@gmail.net","0","0"
"215","Mazog186","adjuDicat^On7948","Melinda","Azog","601-794-1726","mazog31@bizmail.co.uk","1","0"
"216","Lwormtongue5377","in$eR#iewing8856","Lilly","Wormtongue",,,"1","0"
"217","Kundomiel99","coLlEct%VE2626","Kevin","Undomiel","440-800-1619","kundomiel94@gmail.com","1","1"
"218","Ehuor149","uN*oun#2219","Evelyn","Huor","602-057-9194","ehuor67@mailbox.co.uk","1","0"
"219","Kmandos1397","!uiZ8355","Kayla","Mandos","217-967-4108","kmandos69@bizmail.net","0","1"
"220","Ktheoden2757","OP$osiTeS8178","Katrina","Theoden","508-714-0444",,"1","1"
"221","Asauron326","#isTILl!ng2072","Alexander","Sauron","572-536-4814","asauron@everymail.com","0","0"
"222","Neru6168","AN)lo5305","Nicholas","Eru",,"neru@bizmail.com","1","1"
"223","Cfelagund4518","S!Irlin*4557","Carla","Felagund","760-327-5836","carla.felagund97@bizmail.co.uk","1","0"
"224","Dtilion59","H@GHwAy5755","Daniel","Tilion","810-022-2196","dtilion46@bizmail.biz","1","1"
"225","Flegolas9912","m!shaP)6604","Felicity","Legolas","726-703-6762",,"0","0"
"226","Jnob5542","REl@@Bly7293","Jacob","Nob",,"jnob@somemail.co.uk","0","0"
"227","Lelwing24","exCelLe$tly1160","Liam","Elwing","509-348-9156",,"0","1"
"228","Ecurufinwe865","blAmI^g9071","Erika","Curufinwe",,"ecurufinwe53@mailbox.org","0","1"
"229","Gpippin55","Err^nds8143","Gary","Pippin",,,"1","1"
"230","Cbifur3269","c)MMunE1414","Claire","Bifur",,"cbifur83@gmail.org","0","0"
"231","Gdwalin5761","cOnt(C(7879","Gary","Dwalin","412-815-8288","gdwalin99@mailbox.com","1","0"
"232","Bsauron3766","cLaSsr$om@5063","Brandon","Sauron",,"bsauron@everymail.us","1","1"
"233","Salatar91","aI@E7982","Samuel","Alatar","336-493-8969","salatar2@everymail.co.uk","1","0"
"234","Ddeagol5768","Ar*uED7627","Donna","Deagol","657-502-8180","ddeagol6@mailbox.us","0","1"
"235","Ldamrod651","i(mOrtal9209","Lexie","Damrod","480-974-5255","ldamrod@hotmail.org","1","1"
"236","Zmaggot392","!tePhE%8291","Zelda","Maggot","805-257-2701","zelda.maggot@yahoo.us","1","1"
"237","Bsilmiril75","s$ArviNg9765","Benjamin","Silmiril","229-299-6639",,"0","1"
"238","Hpippin43","OutBur%t5763","Helen","Pippin","567-479-7037","hpippin@yahoo.biz","1","0"
"239","Jeomer8418","frUI(s5890","Janet","Eomer","619-668-9204",,"1","0"
"240","Tpalantir692","P*Yoff2446","Tina","Palantir","509-675-9640","tina.palantir26@mailbox.co.uk","0","1"
"241","Dleaflock17","Ca$#aL1010","Dana","Leaflock","423-044-9004","dana.leaflock16@gmail.com","0","0"
"242","Jnessa3795","AbOrte$3143","Janet","Nessa",,,"0","0"
"243","Rarwen317","eXpenditu(E4509","Raven","Arwen","630-513-4307","rarwen73@gmail.net","1","1"
"244","Eungoliant1457","UnsATisfaCt(ry2141","Evelyn","Ungoliant","513-005-5948",,"1","1"
"245","Eamros11","Ex)t(D6117","Eleanor","Amros","510-139-1592",,"1","0"
"246","Jbeechbone54","apO(oGiZed6601","Jasmine","Beechbone","217-134-2492",,"0","0"
"247","Abombadil928","Z$P6935","Allison","Bombadil","678-747-3892","abombadil6@gmail.us","0","0"
"248","Vbolger1812","o^poRtUNitIe(9157","Valerie","Bolger","573-638-2972","vbolger78@gmail.org","1","1"
"249","Lturambar9826","putti%G4131","Levi","Turambar","601-194-7463",,"1","1"
"250","Mwillow8758","*o@Anza2270","Mackenzie","Willow","657-400-2844","mwillow93@mailbox.com","1","1"
"251","Oturambar93","^agNanimoU*9083","Oliver","Turambar",,,"1","1"
"252","Ksamwise11","@o^deN4988","Keith","Samwise","704-409-5441","ksamwise8@somemail.com","0","0"
"253","Hulmo36","TE%@9097","Henry","Ulmo","909-184-2238","henry.ulmo@gmail.co.uk","0","0"
"254","Etilion64","hUmIlia(I@g9400","Eva","Tilion","725-909-9695",,"0","0"
"255","Wtilion32","u$ITe5900","Willie","Tilion","229-764-9867","wtilion@mail2u.net","1","0"
"256","Mthranduil236","!isuAlS5979","Madison","Thranduil","315-634-6440","mthranduil@bizmail.net","1","0"
"257","Slorien74","AfFl!c$s7027","Sean","Lorien","463-099-1693","slorien82@everymail.org","0","1"
"258","Cbeleriand661","cr#ZY4144","Cindy","Beleriand","270-666-9203","cindy.beleriand2@hotmail.net","1","0"
"259","Amelkor251","a)#Os2194","Alan","Melkor","774-833-6854","alan.melkor78@gmail.net","0","1"
"260","Ramrod23","arr(GanCE7168","Rachel","Amrod","323-052-8226","ramrod54@somemail.biz","1","0"
"261","Qelwing721","pre%cri!Es1680","Quinn","Elwing","308-139-5996","qelwing@everymail.net","0","1"
"262","Heowyn779","fruSt!*TEs5517","Heather","Eowyn",,"heowyn@mail2u.biz","0","1"
"263","Hsilmiril1262","*aIntS7574","Harold","Silmiril","872-892-1337",,"1","0"
"264","Ssulimo272","(aynE9792","Susan","Sulimo","360-590-6380",,"1","0"
"265","Dtuor64","P@rtneriNG5260","Delilah","Tuor","502-743-3816","dtuor95@mailbox.biz","1","1"
"266","Sshagrat86","iNcur)inG1823","Sage","Shagrat","803-159-6724",,"1","1"
"267","Jmandos1219","merciFU@6886","Joshua","Mandos","937-336-5574",,"1","0"
"268","Barwen8466","RO(ertS2363","Billy","Arwen",,,"0","0"
"269","Maule12","flo$IN(5244","Mackenzie","Aule",,"maule@bizmail.com","1","1"
"270","Lmiriel76","Dil!$e3920","Liam","Miriel","917-837-4564",,"0","1"
"271","Idori4444","lI!rarIeS9684","Ivy","Dori",,,"1","0"
"272","Lskinbark678","^IelD7014","Leah","Skinbark","207-807-5627","lskinbark@mail2u.com","1","1"
"273","Ebrandybuck41","YeL!Ed2179","Edward","Brandybuck",,"edward.brandybuck42@bizmail.co.uk","0","0"
"274","Mvarda3694","ELu#Ed8969","Marishka","Varda","947-203-4631","mvarda91@hotmail.org","0","1"
"275","Wfangorn639","ACC#Pted9268","Willie","Fangorn","972-276-2731",,"0","0"
"276","Kgimli493","ComPUlsi)e5494","Kathryn","Gimli","678-360-2114","kgimli87@bizmail.org","1","1"
"277","Rfingolfin6886","TItl$S4675","Roger","Fingolfin",,"rfingolfin13@mail2u.us","1","1"
"278","Ctuor58","piTf)llS4083","Clarissa","Tuor","332-999-9083","ctuor1@somemail.net","0","1"
"279","Mgollum1889","^Lea5946","Maggie","Gollum","930-148-4560","mgollum@mail2u.us","0","1"
"280","Torome3692","pR(fUsEly8680","Timothy","Orome",,"torome47@somemail.us","1","1"
"281","Pfinarfin854","b@dG@1356","Patricia","Finarfin","586-582-1464","pfinarfin29@mail2u.biz","1","1"
"282","Bbolg3184","out#OuriNg4006","Billy","Bolg","938-683-8386",,"0","0"
"283","Dtheoden8794","mO$TERe)3090","Dorothy","Theoden","984-504-3270","dtheoden79@mailbox.co.uk","0","1"
"284","Jlegolas8584","%NtE#rUpt6568","Joy","Legolas",,,"1","0"
"285","Lbirchseed18","DauN%eD5548","Levi","Birchseed","816-542-5547","levi.birchseed@gmail.us","1","1"
"286","Salatariel47","$AR3749","Savannah","Alatariel",,"salatariel@gmail.co.uk","0","1"
"287","Jbeechbone685","spriN(fielD6291","Jackson","Beechbone","901-099-7475",,"0","1"
"288","Sshagrat9637","^%Nt4421","Samantha","Shagrat",,"sshagrat@bizmail.biz","1","1"
"289","Jsharku4343","iLLus%ratiO@s1399","Jerry","Sharku","586-538-7853","jsharku86@mail2u.us","0","0"
"290","Hcurufin718","preCond*Tion6186","Henry","Curufin","207-761-7403",,"1","1"
"291","Glegolas3291","c@nFirmabl*9828","Gloria","Legolas","251-186-7704","gloria.legolas20@hotmail.co.uk","0","1"
"292","Jcaranthir989","UnsP#ken4931","Jack","Caranthir",,"jcaranthir9@somemail.org","0","1"
"293","Dbeor42","TE^K7584","Dianna","Beor","913-950-6495","dbeor11@somemail.co.uk","0","1"
"294","Eangrod7141","#EAp%7408","Erik","Angrod","920-167-2378","eangrod59@everymail.com","0","1"
"295","Zshadowfax28","e(phEmiSm8321","Zelda","Shadowfax","325-118-5704","zshadowfax@mail2u.us","1","0"
"296","Dbutterbur533","prede$ErMiNe3267","Donald","Butterbur","918-599-6546","dbutterbur51@gmail.co.uk","0","0"
"297","Atuor896","a^gM#NT2203","Arthur","Tuor","731-847-4321","arthur.tuor65@gmail.co.uk","0","0"
"298","Hbergil272","AW%1133","Helen","Bergil","848-054-7836","helen.bergil@mailbox.net","1","0"
"299","Nelrohir2451","pro(Ised4094","Niki","Elrohir",,"nelrohir62@everymail.co.uk","0","1"
"300","Sshagrat58","matERiAll)9908","Sarah","Shagrat","731-181-2912","sshagrat3@mailbox.us","1","1"
"301","Sberen787","sym#osIUm9478","Susan","Beren","954-786-0698","sberen@yahoo.us","1","1"
"302","Jalatar97","cO@lECtors5125","Jack","Alatar","510-320-2919","jalatar30@yahoo.us","1","1"
"303","Abalin918","pr^EmPt8395","Alexis","Balin","210-855-3220","abalin@yahoo.org","0","1"
"304","Jturgon635","ACc%ss3441","Juan","Turgon","464-493-4687","juan.turgon@mailbox.org","0","1"
"305","Jgothmog97","RegulA(ity7019","Jordan","Gothmog",,"jgothmog50@hotmail.biz","1","0"
"306","Jhuan6574","an$oN$o7890","Judy","Huan","570-209-4718",,"0","0"
"307","Jsulimo818","ex%mPT$oN7170","Joshua","Sulimo","872-659-5598",,"0","1"
"308","Tsandyman483",")ic(le3100","Thomas","Sandyman","502-093-6684","tsandyman90@somemail.co.uk","0","1"
"309","Jmaggot26","fo%M%ng9666","Jacqueline","Maggot","667-227-5531","jmaggot84@somemail.co.uk","1","1"
"310","Aanarion18","h@N#Y7226","Alexa","Anarion",,"aanarion30@hotmail.co.uk","0","1"
"311","Loakenshield7872","^igoR6089","Louis","Oakenshield","605-041-4176","louis.oakenshield99@mail2u.com","0","1"
"312","Bbregalad15","S#zab)E5850","Betty","Bregalad","806-485-1908","bbregalad46@everymail.biz","1","0"
"313","Ehuan62",")iSTrEss)s1749","Eve","Huan","660-227-8053","ehuan81@bizmail.net","0","0"
"314","Tfeanor329","@o*NEr5317","Trinity","Feanor",,"tfeanor36@gmail.co.uk","0","0"
"315","Eecthelion62","C(nIC1258","Elizabeth","Ecthelion","757-708-7815",,"1","1"
"316","Tbirchseed39","Ty##3881","Toki","Birchseed","918-683-2522","tbirchseed@gmail.com","1","1"
"317","Mskinbark167","Ni@httIme1628","Matthew","Skinbark","219-943-9437","mskinbark80@mailbox.biz","1","1"
"318","Wmithrandir231","San#T$tion2265","Willie","Mithrandir","432-732-0997",,"0","0"
"319","Bhurin58","ciTAtio#S2419","Betty","Hurin","516-183-6547","bhurin@hotmail.net","1","0"
"320","Eecthelion2828","taCi)l$1394","Erik","Ecthelion","826-886-9575","eecthelion26@yahoo.co.uk","1","1"
"321","Tbaggins9666","inc((poRatiNg7469","Tina","Baggins","864-994-0377","tbaggins@gmail.biz","1","1"
"322","Athorondor947","br%N^5332","Ashley","Thorondor","516-718-9340","athorondor47@everymail.us","0","1"
"323","Limrahil719","d@COrUm9146","Lilly","Imrahil",,"limrahil57@yahoo.us","0","0"
"324","Aamros4627","BLeEd^4210","Austin","Amros",,"aamros11@mailbox.com","0","0"
"325","Rgwaihir1853","$!kerieS3502","Ralph","Gwaihir","585-179-7399","rgwaihir23@hotmail.net","0","1"
"326","Enumenor55","gE^z5370","Ethan","Numenor","404-637-9576","enumenor16@gmail.net","1","1"
"327","Wgorbag129","wh@LesOm)7082","Wendy","Gorbag","469-640-6628",,"0","0"
"328","Kvalaquenta2756","LAngu)shiNg8912","Kimberly","Valaquenta","986-120-9631",,"1","1"
"329","Abombadil5779","BroW@ies9442","Anthony","Bombadil",,"anthony.bombadil29@gmail.us","1","1"
"330","Aaldarion365","E@DeSt1799","Alice","Aldarion","810-627-4319","aaldarion47@everymail.net","1","0"
"331","Ebeechbone7824","toTAL*%1188","Emily","Beechbone","408-188-2198",,"1","0"
"332","Milluvatar13","*k)wINg5213","Marilyn","Illuvatar",,"milluvatar50@hotmail.org","1","1"
"333","Delmo2671","eVE^ts5367","Dennis","Elmo",,"dennis.elmo@mail2u.net","0","0"
"334","Lgamgee71","*n#Tance9123","Liam","Gamgee",,,"1","0"
"335","Ndenethor9664","onl*OkerS8447","Noah","Denethor",,"ndenethor71@yahoo.net","1","1"
"336","Spharazon68","conglomeRaT#@n7996","Scarlet","Pharazon","810-575-9999","spharazon18@mailbox.co.uk","1","1"
"337","Pcaranthir435","GenIUs#s8728","Peter","Caranthir",,,"1","1"
"338","Ehador3938","COnd!Ct#4196","Emma","Hador","678-197-4859","ehador74@everymail.co.uk","0","1"
"339","Gbaggins9698","Wi*!ing3485","Gabriel","Baggins","432-925-8860","gabriel.baggins@hotmail.us","0","1"
"340","Narwen1175","%)OPIan4000","Nicole","Arwen",,"nicole.arwen14@yahoo.biz","1","1"
"341","Jgamgee15","emot@onalISm7357","Joshua","Gamgee","206-499-6720","jgamgee@bizmail.us","0","0"
"342","Etreebeard6366","L^Gible5987","Evie","Treebeard","408-564-7309","etreebeard78@everymail.org","0","1"
"343","Sluthien78","p#culIaRIt)7750","Sandra","Luthien","859-878-4388","sluthien@bizmail.org","0","0"
"344","Qboffin22","OFfi$er9107","Quinn","Boffin",,"qboffin20@yahoo.org","1","0"
"345","Aelros445","fORbId*#n2078","Adrianna","Elros","826-410-3639","aelros83@mail2u.net","0","0"
"346","Aradagast4857","collabo@ating2840","Andrew","Radagast","562-002-7242",,"1","1"
"347","Hnessa18","Nowad^yS2868","Haley","Nessa","925-923-4814","haley.nessa49@somemail.us","1","1"
"348","Olindenroot1121","GrA(p@E2326","Ophelia","Lindenroot","228-898-2952",,"1","0"
"349","Jwillow187","sUm%!rized9632","Jordan","Willow","612-938-2926","jwillow91@gmail.us","1","0"
"350","Hgloin71","i'#8492","Heidi","Gloin",,"hgloin41@hotmail.biz","1","1"
"351","Qbifur31","!uC%7136","Quinn","Bifur",,"quinn.bifur80@bizmail.co.uk","1","0"
"352","Psulimo59","oveRb^rdEn3908","Patricia","Sulimo","380-015-6205",,"1","0"
"353","Eeomer3899","#utO$6483","Eve","Eomer","515-537-5081",,"1","0"
"354","Vsackville558","w^L@8899","Victoria","Sackville","838-045-7889","vsackville9@hotmail.us","0","1"
"355","Mvalaquenta253","Con^aine%4096","Melinda","Valaquenta",,"mvalaquenta38@gmail.org","0","1"
"356","Abolg5115","a^bIt)ArinEss5204","Amanda","Bolg","626-034-0148","abolg55@bizmail.co.uk","1","1"
"357","Dcurufinwe22","(orMs2974","David","Curufinwe","424-684-7245","dcurufinwe@hotmail.co.uk","1","1"
"358","Jlorien6664","f@cTor#es5531","Jason","Lorien","931-139-7086",,"1","0"
"359","Asnaga9363","d@uMS3519","Arthur","Snaga","720-572-9699","arthur.snaga28@gmail.net","0","1"
"360","Lbregalad24","sUm^O@iNg5116","Louis","Bregalad","609-944-9582","louis.bregalad41@everymail.us","1","0"
"361","Asharku6276","h#R*Ah8676","Andrew","Sharku","332-511-8048","asharku19@yahoo.us","1","1"
"362","Bsauruman865","Prohib)#ed6994","Brenda","Sauruman","508-070-0094","bsauruman60@mail2u.biz","1","1"
"363","Sfimbrethil2475","c*nNEctors4243","Sasha","Fimbrethil","636-053-7655","sfimbrethil7@gmail.com","0","0"
"364","Zbregalad557","Wa^cHdOg4784","Zelda","Bregalad",,"zbregalad@hotmail.co.uk","1","0"
"365","Tbregalad7973","^mb$ella9873","Teresa","Bregalad","832-250-4468","tbregalad@yahoo.net","1","1"
"366","Vcelegorm56","(agnIfYing1517","Valerie","Celegorm","915-325-0790","vcelegorm@bizmail.biz","1","1"
"367","Dcarcharoth4442","WrecK@%E4040","Danica","Carcharoth",,"danica.carcharoth15@gmail.biz","0","1"
"368","Hdori8664","B^oAd8205","Heidi","Dori",,"hdori48@bizmail.biz","0","1"
"369","Dgimli349","JUd$emen^2469","Debra","Gimli",,"dgimli63@somemail.net","1","0"
"370","Vbolger77","r*SS8491","Valerie","Bolger",,"vbolger13@gmail.biz","1","1"
"371","Mnumenor921","*acationiNg8400","Miranda","Numenor","918-292-6097","miranda.numenor85@gmail.net","0","0"
"372","Rproudfoot934","affirMat(veL%7718","Rebecca","Proudfoot","210-251-3655",,"0","1"
"373","Jcarcharoth8387","@O)ie5230","Janice","Carcharoth","857-885-1006",,"0","1"
"374","Ebeechbone582","DiV#RT4286","Emma","Beechbone","860-513-5782","ebeechbone13@somemail.org","0","1"
"375","Eamrod737","AWak$%9544","Ellen","Amrod","607-841-7470","eamrod8@gmail.us","0","0"
"376","Jstormcrow8539","#Ecr!tS3617","Joseph","Stormcrow","364-910-6620","joseph.stormcrow86@mailbox.biz","1","1"
"377","Tvarda78","com$ostiNG6740","Tyler","Varda",,"tvarda77@hotmail.org","1","0"
"378","Banarion21","or(ITAl5593","Billy","Anarion","651-345-2622",,"1","0"
"379","Msmaug892","re@iMEs3591","Maria","Smaug",,"msmaug@hotmail.co.uk","0","0"
"380","Eeru75","b(rG(R6757","Eileen","Eru","603-059-8131","eeru35@somemail.biz","1","1"
"381","Sdior4445","Fairne@S5440","Sarah","Dior","623-521-3921","sdior28@mailbox.us","1","1"
"382","Ayavanna9868","@NleASh^ng2073","Anthony","Yavanna","720-684-1378","anthony.yavanna4@bizmail.com","1","0"
"383","Jgaladriel62","Alp^Abeti^4516","Jackson","Galadriel",,"jgaladriel72@mail2u.co.uk","0","0"
"384","Ltuor1389","FaI^Ing2936","Leah","Tuor","681-387-9973","ltuor@mail2u.org","1","1"
"385","Bmanwe214","%(3455","Bobby","Manwe","308-593-6937","bmanwe27@everymail.us","1","0"
"386","Qbard5526","Bu(R6832","Quinn","Bard","956-667-2186","qbard92@gmail.org","1","1"
"387","Stinuviel79","PonTi^icatinG1290","Scarlet","Tinuviel","820-436-7073","scarlet.tinuviel40@mailbox.biz","0","1"
"388","Ewormtongue9967","anY@lacE2939","Emily","Wormtongue","414-880-6296","emily.wormtongue@mail2u.com","0","1"
"389","Asamwise27","RecIp^s5745","Andrew","Samwise","502-015-6537","asamwise16@hotmail.biz","1","1"
"390","Eungoliant1918","Conscie^Tiously4729","Evelyn","Ungoliant","316-303-5761","eungoliant@bizmail.org","1","0"
"391","Lvarda65","PU!7210","Lori","Varda",,"lvarda@mailbox.com","0","1"
"392","Aoakenshield95","adh%renTs5866","Angelique","Oakenshield","602-698-3539",,"1","0"
"393","Jbrandybuck4936","ch(colaTe1699","Jasmine","Brandybuck","732-727-1581","jbrandybuck@hotmail.net","1","1"
"394","Anori9275","s!EcTaCl!s1611","April","Nori",,"anori99@somemail.co.uk","1","1"
"395","Vgandalf4715","e(aborAtE*9399","Virginia","Gandalf","864-911-0830","virginia.gandalf43@somemail.us","0","0"
"396","Mmorgoth528","%erSona*iZing7142","Marie","Morgoth","760-803-8041","mmorgoth63@mail2u.co.uk","0","1"
"397","Tturgon813","affeCtIona!Ely2503","Tina","Turgon",,"tturgon@somemail.org","0","1"
"398","Abeor9742","rEbi)TH8107","Alexis","Beor",,"abeor12@hotmail.net","0","0"
"399","Ddraugin385","sECl@sIon1796","Delilah","Draugin","267-248-0687","ddraugin84@hotmail.co.uk","0","1"
"400","Jcurufin1681","Ce@^eD4129","Jerry","Curufin","470-562-7853",,"0","0"
"401","Acurufin88","Spro%t@1733","Angelique","Curufin","689-639-5849","acurufin37@everymail.org","0","1"
"402","Kcirdan9968","thuM#ing3264","Kylie","Cirdan","304-873-7209",,"1","0"
"403","Jbrandybuck474","Je@kS1512","Jacob","Brandybuck","810-549-7283","jbrandybuck53@everymail.co.uk","0","1"
"404","Mbolg7764","Dea)^s7900","Maria","Bolg","747-193-7691",,"1","1"
"405","Mamrod811","COngesT#!2293","Molly","Amrod","270-107-5640","mamrod77@yahoo.biz","0","0"
"406","Pquickbeam9248","Communa*7042","Pamela","Quickbeam","820-824-2032","pquickbeam46@mail2u.net","0","0"
"407","Kturin5541","sUrr!Y9324","Katrina","Turin","317-048-2130","kturin17@somemail.com","0","0"
"408","Rpollando8347","K!yW$rd5324","Rachel","Pollando","763-417-4287",,"0","0"
"409","Aungoliant98","regIo*alLy4132","Austin","Ungoliant","531-743-7275",,"0","1"
"410","Bpalantir5448","W#oleheartedLy6857","Barbara","Palantir","970-252-9455","bpalantir39@bizmail.biz","1","0"
"411","Gfimbrethil7526","t$anSfoRM8302","Gloria","Fimbrethil","313-675-9260","gfimbrethil80@gmail.org","1","0"
"412","Aceleborn397","$@cT7679","Adam","Celeborn",,"aceleborn4@everymail.com","1","1"
"413","Rsnaga2848","tOXi(9623","Raven","Snaga",,"rsnaga94@gmail.us","1","1"
"414","Wmithrandir4815","folLO^Ings3365","Willie","Mithrandir",,"wmithrandir46@mail2u.biz","1","1"
"415","Ltilion836","(rAudULent5213","Lydia","Tilion","929-184-6617","ltilion76@bizmail.us","1","0"
"416","Kberegond9772","$Usti*Ied9763","Karen","Beregond",,"kberegond23@hotmail.us","0","0"
"417","Jgil-galad728","@tabilizEr8313","Joyce","Gil-Galad","717-726-7668","jgil-galad@mail2u.net","0","1"
"418","Jbeor256","coLLe%ting8077","Joe","Beor","464-154-1592","jbeor91@everymail.us","0","0"
"419","Ailluvatar586","@ranS*osed3105","Alexander","Illuvatar","951-311-9537",,"0","1"
"420","Imiriel62","Mon*tonouS8645","Isabell","Miriel","978-330-3330","isabell.miriel49@mailbox.co.uk","1","1"
"421","Lbombur4748","aCquIRin!7008","Lilly","Bombur","801-369-0467","lbombur@mail2u.org","0","1"
"422","Animloth726","#Ood%N7548","Annabella","Nimloth","214-007-5885","animloth30@hotmail.com","0","0"
"423","Kdeagol3359","g@nTLE2241","Katrina","Deagol","630-610-3279","katrina.deagol7@everymail.us","1","0"
"424","Adeagol99","spec%ER3721","Anthony","Deagol","205-365-3154","anthony.deagol3@gmail.us","1","0"
"425","Lsmeagol547","LEt!I#G9563","Lida","Smeagol","662-147-3988","lsmeagol70@mail2u.biz","0","1"
"426","Sfangorn54","Re@ctIVated2236","Steven","Fangorn","878-954-7950",,"0","1"
"427","Anumenor36","Plot(i!G8284","Alexa","Numenor",,,"0","0"
"428","Vdurin574","qu*ntiFiablE5275","Virginia","Durin","248-989-8604","virginia.durin20@mail2u.us","1","1"
"429","Lmiriel71","Ind@XeR9502","Liv","Miriel","949-150-8834","lmiriel99@mailbox.co.uk","0","1"
"430","Ccelegorm55","uNb*l@Nced7709","Camilla","Celegorm","973-836-0478","ccelegorm18@somemail.org","0","0"
"431","Melentari987","%$smETics4944","Mason","Elentari","380-829-3639",,"0","1"
"432","Lwormtongue9764","@$M7892","Lauren","Wormtongue","575-550-2797","lwormtongue75@gmail.com","0","0"
"433","Jskinbark348","eXpuN%!3592","Jesse","Skinbark",,"jskinbark90@mailbox.net","0","1"
"434","Tfinrod296","all#waN!es7771","Trinity","Finrod","641-592-0585","tfinrod53@mailbox.biz","1","1"
"435","Ashagrat499","ma*Da!iN2643","Abigail","Shagrat","774-506-6475","ashagrat92@gmail.biz","1","0"
"436","Boakenshield359","StaT@c2822","Bryant","Oakenshield","316-359-1808",,"0","1"
"437","Nnob774","exteRNal!@1089","Norah","Nob","717-964-1848",,"1","1"
"438","Hfinarfin4198","eX)LainaBlE3064","Heidi","Finarfin","224-969-0711","hfinarfin91@hotmail.com","1","0"
"439","Kangrod597","fAv*ritiSm9994","Kelsey","Angrod","775-738-3755","kangrod92@bizmail.com","1","1"
"440","Zeomer555","ST$Rk2987","Zachary","Eomer","515-048-1684",,"1","0"
"441","Afingolfin218","iNtr@ns!gent3616","Albert","Fingolfin","458-865-4021",,"0","0"
"442","Dquickbeam7439","un!quEnE%s9897","Donna","Quickbeam","502-450-8140","dquickbeam15@yahoo.biz","0","0"
"443","Cbregolas549","riGh$EOus5303","Catherine","Bregolas","737-940-8094","cbregolas71@mailbox.com","0","0"
"444","Abirchseed9128","COnsoR!ia6094","Ana","Birchseed","331-909-5689",,"0","1"
"445","Aleaflock9292","coUnte^aNc!9412","Amanda","Leaflock",,"aleaflock42@somemail.net","1","1"
"446","Rsharku812","reConcili%tioN1860","Roy","Sharku","952-898-1259",,"0","0"
"447","Bnarvi999","acad(mICs8966","Bailey","Narvi","425-773-1541","bailey.narvi91@mail2u.net","0","1"
"448","Wnumenor463","d%$O5870","William","Numenor",,"wnumenor@bizmail.biz","1","0"
"449","Cbergil43","p$^chanT5175","Clarissa","Bergil","464-595-1611","clarissa.bergil66@somemail.us","0","1"
"450","Eori274","effecTi*eLy4458","Emily","Ori","610-075-3182","eori@bizmail.org","0","0"
"451","Egaladriel2621","profaN%4471","Erika","Galadriel",,,"1","1"
"452","Lbifur25","F^*d7807","Louis","Bifur","209-795-7512","lbifur60@somemail.biz","1","0"
"453","Abeorn6733","TranSfoR)ers8047","Ariel","Beorn","217-161-3377","abeorn5@gmail.com","0","1"
"454","Gmiriel621","apPeTi@e1449","George","Miriel","707-016-1428","gmiriel66@mailbox.org","0","0"
"455","Maule151","afTer)ardS3323","Michaela","Aule","915-490-2094","maule@yahoo.co.uk","1","1"
"456","Ncelebrian21","Ri(OsT)1514","Nadine","Celebrian","970-198-2563","ncelebrian14@yahoo.biz","0","0"
"457","Dgollum649","p(ErrE3204","Delilah","Gollum",,"dgollum@mailbox.net","1","1"
"458","Jelendil11","wHiSTl!3817","Jackson","Elendil",,,"1","1"
"459","Jluthien477","b%rKeL^y9419","Joan","Luthien","315-048-9499",,"1","0"
"460","Sbolger49","D^@ta1045","Sandra","Bolger","323-750-7191","sbolger73@mail2u.org","0","1"
"461","Elindenroot59","So#idly2809","Emma","Lindenroot",,"elindenroot@everymail.biz","1","1"
"462","Dpippin38","rel(E^5659","Daniel","Pippin","781-804-3488","daniel.pippin30@hotmail.net","0","0"
"463","Rthorin52","a$lAZe1073","Ryan","Thorin","945-620-7726","rthorin93@yahoo.us","1","1"
"464","Cbaranor89","aNa^yzEr8240","Cassandra","Baranor","326-570-2222","cbaranor@bizmail.com","1","0"
"465","Jmanwe912","^Es@3747","Jeremy","Manwe","571-105-0395","jmanwe10@bizmail.biz","1","0"
"466","Teol99","sA%cti@ns9848","Thomas","Eol","662-844-5417","teol9@gmail.co.uk","1","0"
"467","Wturin11","^rIParTIte2831","Walter","Turin","404-530-1768","walter.turin61@yahoo.org","0","0"
"468","Cdior952","@Liff8233","Cindy","Dior","253-712-2336",,"0","0"
"469","Jcotton99","Rip#f(6402","Judy","Cotton","415-535-1362","jcotton85@hotmail.com","0","1"
"470","Okili518","ArM!d9528","Oliver","Kili",,,"1","1"
"471","Hcarcharoth256","Di^Bursement3281","Henry","Carcharoth","931-898-8784","hcarcharoth89@hotmail.net","0","0"
"472","Hgaldor64","a!O)aTIoN3835","Helena","Galdor","640-526-2716","hgaldor7@gmail.org","1","0"
"473","Jgandalf33","preR(G!tive9587","Jason","Gandalf","826-682-8958","jgandalf23@gmail.net","1","1"
"474","Belwing875","rI%6364","Bruce","Elwing","314-307-5213","belwing@somemail.biz","0","1"
"475","Bdeagol95","aV$2817","Brandon","Deagol",,"bdeagol1@bizmail.biz","0","0"
"476","Tori1598","pAIN(e^7196","Thomas","Ori","463-655-0385","tori@everymail.co.uk","1","1"
"477","Jkhamul8949","#eLearn7781","Joseph","Khamul","724-833-4379",,"1","1"
"478","Tkili7144","clOn)%2399","Trinity","Kili","530-331-4929",,"0","1"
"479","Mthranduil48","AwA*E1021","Matthew","Thranduil","432-074-4188","mthranduil42@mailbox.co.uk","0","1"
"480","Ssmaug72","seNSAtI(n8330","Sharon","Smaug","808-347-0160","ssmaug11@gmail.org","0","1"
"481","Eelendil9915","heA)tH5827","Eleanor","Elendil","713-949-1355","eelendil30@mailbox.org","1","1"
"482","Loakenshield3699","%Raze)2465","Leah","Oakenshield","534-272-5933","loakenshield15@gmail.us","1","1"
"483","Jhalbarad78","tos#Es3333","Jose","Halbarad","469-443-7260","jhalbarad0@bizmail.us","0","1"
"484","Sbaggins633","prOportIoN%t%4093","Stephen","Baggins","850-785-4224","stephen.baggins57@mail2u.us","0","1"
"485","Nbombadil1262","%iP^9574","Niki","Bombadil",,,"0","0"
"486","Wgothmog279","c%@LeRs6240","Wayne","Gothmog","682-132-6993","wgothmog16@mailbox.org","1","0"
"487","Lbeor314","D@nCing9849","Levi","Beor","440-608-2498",,"1","1"
"488","Abolg34","Reint%rpr(T4844","Annabella","Bolg",,"abolg62@yahoo.us","0","1"
"489","Aluthien713","f%e#K9593","Annabelle","Luthien","757-249-5939","aluthien52@bizmail.us","0","0"
"490","Hgorbag73","C#op@r8628","Helena","Gorbag","680-078-9873","hgorbag22@mailbox.biz","1","1"
"491","Nhuor5426","t%uM)7280","Nathan","Huor",,"nhuor95@mail2u.co.uk","1","1"
"492","Jmorgoth22","))IdeD9474","Jacqueline","Morgoth",,"jmorgoth41@mailbox.biz","0","1"
"493","Emablung91","Sid@kic!5255","Evie","Mablung",,"emablung82@mailbox.net","1","0"
"494","Jfeanor389","PEr$)adEs1238","John","Feanor","458-752-9239","jfeanor90@mail2u.com","0","0"
"495","Aelendil273","*!5874","Alisa","Elendil","971-960-8122",,"0","1"
"496","Dbolg54","%Asoli!e2168","Dianna","Bolg","978-834-9118","dbolg@somemail.net","0","1"
"497","Cgildor5328","Mat(Hm%kIng4879","Carla","Gildor","541-106-0743",,"1","0"
"498","Rbregolas4275","ep)edrinE2067","Russell","Bregolas",,,"1","1"
"499","Vbofur96","des!iS$1213","Victoria","Bofur","972-233-3944","victoria.bofur40@somemail.net","0","0"
"500","Ggil-galad4698","oRi#iNs4243","Grace","Gil-Galad","572-827-2022","ggil-galad27@mail2u.com","1","1"
